"Day.of.Study","Year","Sine.Date","Cosine.Date","Wolf.Grp.Size"
240,"2011-2012",0.173648178497323,0.984807752865787,1
252,"2011-2012",0.374606594223072,0.927183854240673,1
245,"2011-2012",0.258819045927999,0.965925826067882,1
265,"2011-2012",0.573576437088427,0.819152043772672,1
284,"2011-2012",0.809016994929509,0.587785251529185,1
236,"2011-2012",0.104528464097171,0.994521895281087,4
54,"2011-2012",-0.0697564741624266,-0.997564050230574,2
72,"2011-2012",-0.374606593842735,-0.92718385439434,3
93,"2011-2012",-0.681998360434173,-0.731353701272578,1
142,"2011-2012",-0.999390826997463,0.0348994973219914,1
182,"2011-2012",-0.743144825001625,0.669130606887253,4
182,"2011-2012",-0.743144825001625,0.669130606887253,1
182,"2011-2012",-0.743144825001625,0.669130606887253,1
199,"2011-2012",-0.515038074267378,0.857167301088271,1
287,"2011-2012",0.838670568463001,0.544639034218028,1
290,"2011-2012",0.866025404263014,0.499999999171084,1
75,"2011-2012",-0.422618262164108,-0.906307786839211,1
128,"2011-2012",-0.97814760085605,-0.207911690242645,8
30,"2011-2012",0.34202014298303,-0.939692620910619,5
75,"2011-2012",-0.422618262164108,-0.906307786839211,5
100,"2011-2012",-0.766044443455897,-0.642787609285015,4
113,"2011-2012",-0.891006524439778,-0.453990499246126,3
39,"2011-2012",0.190808994998482,-0.981627183521152,1
44,"2011-2012",0.104528462873293,-0.994521895409722,1
57,"2011-2012",-0.12186934382813,-0.992546151589386,1
58,"2011-2012",-0.139173101384334,-0.990268068681943,1
58,"2011-2012",-0.139173101384334,-0.990268068681943,3
65,"2011-2012",-0.258819045531769,-0.965925826174052,1
75,"2011-2012",-0.422618262164108,-0.906307786839211,1
107,"2011-2012",-0.838670568239587,-0.544639034562056,1
269,"2011-2012",0.62932039175649,0.777145960884735,1
92,"2011-2012",-0.669130606734831,-0.743144825138867,7
260,"2011-2012",0.500000000769707,0.866025403340048,1
15,"2011-2012",0.573576436080362,-0.819152044478527,1
31,"2011-2012",0.325568154110239,-0.94551857571877,3
59,"2011-2012",-0.156434465465645,-0.987688340527759,4
203,"2011-2012",-0.453990499063377,0.891006524532894,1
237,"2011-2012",0.12186934423528,0.992546151539395,1
237,"2011-2012",0.12186934423528,0.992546151539395,1
68,"2011-2012",-0.309016994804091,-0.951056516155717,1
68,"2011-2012",-0.309016994804091,-0.951056516155717,1
68,"2011-2012",-0.309016994804091,-0.951056516155717,1
68,"2011-2012",-0.309016994804091,-0.951056516155717,1
69,"2011-2012",-0.325568154885955,-0.94551857545167,5
115,"2011-2012",-0.906307787272614,-0.422618261234674,9
201,"2011-2012",-0.48480961958659,0.8746197075051,1
213,"2011-2012",-0.29237170397522,0.956304756191574,1
30,"2011-2012",0.34202014298303,-0.939692620910619,1
51,"2011-2012",-0.0174524068497069,-0.999847695149192,4
51,"2011-2012",-0.0174524068497069,-0.999847695149192,1
68,"2011-2012",-0.309016994804091,-0.951056516155717,1
70,"2011-2012",-0.342020143753967,-0.939692620630021,3
135,"2011-2012",-0.99619469814438,-0.0871557421460403,2
172,"2011-2012",-0.848048095791717,0.529919264816862,2
179,"2011-2012",-0.777145961013811,0.629320391597095,4
234,"2011-2012",0.0697564745716338,0.997564050201959,1
284,"2011-2012",0.809016994929509,0.587785251529185,1
59,"2011-2012",-0.156434465465645,-0.987688340527759,4
67,"2011-2012",-0.292371705152069,-0.956304755831776,11
67,"2011-2012",-0.292371705152069,-0.956304755831776,1
67,"2011-2012",-0.292371705152069,-0.956304755831776,2
69,"2011-2012",-0.325568154885955,-0.94551857545167,1
114,"2011-2012",-0.898794046542927,-0.438371146289296,8
114,"2011-2012",-0.898794046542927,-0.438371146289296,2
120,"2011-2012",-0.939692620980768,-0.342020142790296,1
216,"2011-2012",-0.241921894834581,0.970295726466754,4
253,"2011-2012",0.390731129292717,0.920504853111399,5
253,"2011-2012",0.390731129292717,0.920504853111399,6
253,"2011-2012",0.390731129292717,0.920504853111399,1
253,"2011-2012",0.390731129292717,0.920504853111399,2
253,"2011-2012",0.390731129292717,0.920504853111399,2
253,"2011-2012",0.390731129292717,0.920504853111399,10
260,"2011-2012",0.500000000769707,0.866025403340048,1
260,"2011-2012",0.500000000769707,0.866025403340048,1
278,"2011-2012",0.743144826099554,0.66913060566788,1
292,"2011-2012",0.882947593310421,0.469471561936754,1
319,"2011-2012",0.999847695174249,0.0174524054142011,1
180,"2011-2012",-0.766044442664869,0.642787610227725,1
241,"2011-2012",0.190808996206492,0.981627183286339,1
253,"2011-2012",0.390731129292717,0.920504853111399,1
289,"2011-2012",0.857167301193907,0.51503807409157,1
298,"2011-2012",0.927183854932172,0.374606592511554,1
43,"2011-2012",0.121869343013832,-0.99254615168937,1
102,"2011-2012",-0.788010753932229,-0.615661474909029,2
104,"2011-2012",-0.809016994688395,-0.587785251861049,8
108,"2011-2012",-0.848048096443846,-0.529919263773237,2
110,"2011-2012",-0.86602540405791,-0.499999999526334,3
121,"2011-2012",-0.945518575785545,-0.325568153916311,1
123,"2011-2012",-0.956304756131608,-0.292371704171361,1
125,"2011-2012",-0.965925826439475,-0.258819044541196,4
289,"2011-2012",0.857167301193907,0.51503807409157,1
306,"2011-2012",0.970295726516373,0.24192189463557,1
315,"2011-2012",0.996194698180132,0.0871557417373944,2
318,"2011-2012",0.999390827054727,0.0348994956821635,1
318,"2011-2012",0.999390827054727,0.0348994956821635,1
105,"2011-2012",-0.819152044596169,-0.573576435912352,2
317,"2011-2012",0.998629534807887,0.0523359552256602,3
5,"2011-2012",0.707106780969002,-0.707106781404093,1
224,"2011-2012",-0.104528462465333,0.994521895452601,6
225,"2011-2012",-0.0871557419417174,0.996194698162256,1
229,"2011-2012",-0.0174524056192724,0.99984769517067,1
234,"2011-2012",0.0697564745716338,0.997564050201959,6
234,"2011-2012",0.0697564745716338,0.997564050201959,1
241,"2011-2012",0.190808996206492,0.981627183286339,2
297,"2011-2012",0.920504853832661,0.390731127593529,1
7,"2011-2012",0.68199835983416,-0.731353701832099,1
7,"2011-2012",0.68199835983416,-0.731353701832099,1
7,"2011-2012",0.68199835983416,-0.731353701832099,1
22,"2011-2012",0.469471562480041,-0.88294759302155,1
22,"2011-2012",0.469471562480041,-0.88294759302155,5
71,"2011-2012",-0.35836794997294,-0.933580426333046,1
112,"2011-2012",-0.882947593117841,-0.469471562298945,1
240,"2011-2012",0.173648178497323,0.984807752865787,1
241,"2011-2012",0.190808996206492,0.981627183286339,1
245,"2011-2012",0.258819045927999,0.965925826067882,1
253,"2011-2012",0.390731129292717,0.920504853111399,3
130,"2011-2012",-0.984807753115098,-0.173648177083411,11
139,"2011-2012",-0.99984769516709,-0.0174524058243455,1
139,"2011-2012",-0.99984769516709,-0.0174524058243455,8
257,"2011-2012",0.453990500525365,0.891006523787973,2
268,"2011-2012",0.615661476040394,0.788010753048309,2
276,"2011-2012",0.719339800981379,0.694658369793433,1
4,"2011-2012",0.719339800126519,-0.694658370678667,1
6,"2011-2012",0.694658370236049,-0.719339800553949,1
19,"2011-2012",0.515038074618994,-0.857167300876999,1
22,"2011-2012",0.469471562480041,-0.88294759302155,1
23,"2011-2012",0.453990499428874,-0.891006524346663,1
26,"2011-2012",0.406736642751023,-0.913545457787201,1
26,"2011-2012",0.406736642751023,-0.913545457787201,1
26,"2011-2012",0.406736642751023,-0.913545457787201,1
26,"2011-2012",0.406736642751023,-0.913545457787201,1
27,"2011-2012",0.390731128159925,-0.920504853592241,1
27,"2011-2012",0.390731128159925,-0.920504853592241,1
27,"2011-2012",0.390731128159925,-0.920504853592241,1
27,"2011-2012",0.390731128159925,-0.920504853592241,1
27,"2011-2012",0.390731128159925,-0.920504853592241,1
28,"2011-2012",0.374606593082061,-0.927183854701672,1
28,"2011-2012",0.374606593082061,-0.927183854701672,1
28,"2011-2012",0.374606593082061,-0.927183854701672,1
36,"2011-2012",0.241921895232603,-0.970295726367516,1
59,"2011-2012",-0.156434465465645,-0.987688340527759,1
66,"2011-2012",-0.275637356246366,-0.9612616958152,6
71,"2011-2012",-0.35836794997294,-0.933580426333046,2
72,"2011-2012",-0.374606593842735,-0.92718385439434,4
72,"2011-2012",-0.374606593842735,-0.92718385439434,1
79,"2011-2012",-0.484809620662914,-0.874619706908483,1
113,"2011-2012",-0.891006524439778,-0.453990499246126,9
113,"2011-2012",-0.891006524439778,-0.453990499246126,1
174,"2011-2012",-0.829037572167636,0.559192904045099,1
203,"2011-2012",-0.453990499063377,0.891006524532894,7
240,"2011-2012",0.173648178497323,0.984807752865787,1
245,"2011-2012",0.258819045927999,0.965925826067882,1
247,"2011-2012",0.292371705544351,0.956304755711843,1
253,"2011-2012",0.390731129292717,0.920504853111399,2
265,"2011-2012",0.573576437088427,0.819152043772672,3
270,"2011-2012",0.642787610384843,0.766044442533032,1
288,"2011-2012",0.848048096661222,0.529919263425362,1
288,"2011-2012",0.848048096661222,0.529919263425362,2
288,"2011-2012",0.848048096661222,0.529919263425362,1
289,"2011-2012",0.857167301193907,0.51503807409157,1
289,"2011-2012",0.857167301193907,0.51503807409157,1
291,"2011-2012",0.874619707604536,0.484809619407202,1
293,"2011-2012",0.891006524626009,0.453990498880628,1
305,"2011-2012",0.965925826545644,0.258819044144967,1
308,"2011-2012",0.978147600941337,0.207911689841402,1
308,"2011-2012",0.978147600941337,0.207911689841402,1
314,"2011-2012",0.99452189547404,0.104528462261353,1
314,"2011-2012",0.99452189547404,0.104528462261353,1
314,"2011-2012",0.99452189547404,0.104528462261353,1
315,"2011-2012",0.996194698180132,0.0871557417373944,1
315,"2011-2012",0.996194698180132,0.0871557417373944,1
316,"2011-2012",0.997564050330725,0.0697564727301995,1
317,"2011-2012",0.998629534807887,0.0523359552256602,2
320,"2011-2012",1,-1.02551714258677e-09,1
321,"2011-2012",0.999847695138454,-0.017452407464923,1
321,"2011-2012",0.999847695138454,-0.017452407464923,1
322,"2011-2012",0.999390826983147,-0.0348994977319492,1
16,"2011-2012",0.559192903194907,-0.829037572741098,2
21,"2011-2012",0.484809619945365,-0.874619707306228,1
26,"2011-2012",0.406736642751023,-0.913545457787201,3
33,"2011-2012",0.292371704367503,-0.956304756071641,1
53,"2011-2012",-0.0523359566594157,-0.998629534732748,2
61,"2011-2012",-0.190808995803823,-0.98162718336461,1
62,"2011-2012",-0.207911691245752,-0.978147600642833,2
78,"2011-2012",-0.469471563204423,-0.882947592636389,7
82,"2011-2012",-0.529919264642924,-0.848048095900405,4
96,"2011-2012",-0.719339800696427,-0.69465837008851,2
105,"2011-2012",-0.819152044596169,-0.573576435912352,1
115,"2011-2012",-0.906307787272614,-0.422618261234674,1
120,"2011-2012",-0.939692620980768,-0.342020142790296,1
120,"2011-2012",-0.939692620980768,-0.342020142790296,1
120,"2011-2012",-0.939692620980768,-0.342020142790296,4
141,"2011-2012",-0.999847695145613,0.0174524070547786,1
142,"2011-2012",-0.999390826997463,0.0348994973219914,7
208,"2011-2012",-0.374606592701723,0.927183854855338,2
216,"2011-2012",-0.241921894834581,0.970295726466754,1
223,"2011-2012",-0.121869342606682,0.992546151739361,3
231,"2011-2012",0.0174524072598508,0.999847695142033,3
239,"2011-2012",0.156434465870801,0.987688340463588,2
272,"2011-2012",0.669130607039675,0.743144824864384,1
272,"2011-2012",0.669130607039675,0.743144824864384,1
272,"2011-2012",0.669130607039675,0.743144824864384,1
272,"2011-2012",0.669130607039675,0.743144824864384,1
280,"2011-2012",0.766044443719573,0.642787608970778,2
287,"2011-2012",0.838670568463001,0.544639034218028,1
290,"2011-2012",0.866025404263014,0.499999999171084,1
301,"2011-2012",0.945518575919096,0.325568153528452,1
302,"2011-2012",0.95105651659938,0.309016993438635,3
9,"2011-2012",0.656059028751437,-0.754709580430593,1
23,"2011-2012",0.453990499428874,-0.891006524346663,1
30,"2011-2012",0.34202014298303,-0.939692620910619,1
78,"2011-2012",-0.469471563204423,-0.882947592636389,1
117,"2011-2012",-0.920504853672381,-0.390731127971127,2
122,"2011-2012",-0.951056516472619,-0.309016993828765,3
157,"2011-2012",-0.956304755771809,0.29237170534821,3
187,"2011-2012",-0.681998359534154,0.73135370211186,1
193,"2011-2012",-0.601815022564178,0.798635510490285,4
204,"2011-2012",-0.43837114610495,0.898794046632838,1
204,"2011-2012",-0.43837114610495,0.898794046632838,1
287,"2011-2012",0.838670568463001,0.544639034218028,1
290,"2011-2012",0.866025404263014,0.499999999171084,1
290,"2011-2012",0.866025404263014,0.499999999171084,1
290,"2011-2012",0.866025404263014,0.499999999171084,1
130,"2011-2012",-0.984807753115098,-0.173648177083411,5
274,"2011-2012",0.694658371121284,0.719339799699089,1
276,"2011-2012",0.719339800981379,0.694658369793433,1
284,"2011-2012",0.809016994929509,0.587785251529185,1
284,"2011-2012",0.809016994929509,0.587785251529185,1
289,"2011-2012",0.857167301193907,0.51503807409157,1
290,"2011-2012",0.866025404263014,0.499999999171084,1
290,"2011-2012",0.866025404263014,0.499999999171084,1
294,"2011-2012",0.89879404672275,0.438371145920604,1
296,"2011-2012",0.91354545803747,0.406736642188909,1
296,"2011-2012",0.91354545803747,0.406736642188909,1
303,"2011-2012",0.956304756251541,0.292371703779079,1
304,"2011-2012",0.961261696210939,0.275637354866259,1
10,"2011-2012",0.642787609442133,-0.766044443324059,1
18,"2011-2012",0.529919263947175,-0.848048096335158,3
25,"2011-2012",0.422618261420561,-0.906307787185933,7
71,"2011-2012",-0.35836794997294,-0.933580426333046,4
71,"2011-2012",-0.35836794997294,-0.933580426333046,1
71,"2011-2012",-0.35836794997294,-0.933580426333046,4
121,"2011-2012",-0.945518575785545,-0.325568153916311,1
121,"2011-2012",-0.945518575785545,-0.325568153916311,2
123,"2011-2012",-0.956304756131608,-0.292371704171361,4
130,"2011-2012",-0.984807753115098,-0.173648177083411,4
181,"2011-2012",-0.754709579757792,0.656059029525405,1
196,"2011-2012",-0.55919290285483,0.829037572970483,1
197,"2011-2012",-0.544639034390042,0.838670568351294,1
207,"2011-2012",-0.390731127782328,0.920504853752521,3
207,"2011-2012",-0.390731127782328,0.920504853752521,2
273,"2011-2012",0.681998360734179,0.731353700992819,1
275,"2011-2012",0.707106781839183,0.707106780533912,1
275,"2011-2012",0.707106781839183,0.707106780533912,1
278,"2011-2012",0.743144826099554,0.66913060566788,1
280,"2011-2012",0.766044443719573,0.642787608970778,2
280,"2011-2012",0.766044443719573,0.642787608970778,3
281,"2011-2012",0.777145962046417,0.629320390321932,1
288,"2011-2012",0.848048096661222,0.529919263425362,1
293,"2011-2012",0.891006524626009,0.453990498880628,1
294,"2011-2012",0.89879404672275,0.438371145920604,1
300,"2011-2012",0.939692621121067,0.342020142404828,1
306,"2011-2012",0.970295726516373,0.24192189463557,3
315,"2011-2012",0.996194698180132,0.0871557417373944,2
315,"2011-2012",0.996194698180132,0.0871557417373944,1
242,"2011-2012",0.207911691646995,0.978147600557546,2
129,"2011-2012",-0.981627183560287,-0.190808994797147,2
130,"2011-2012",-0.984807753115098,-0.173648177083411,1
196,"2011-2012",-0.55919290285483,0.829037572970483,1
199,"2011-2012",-0.515038074267378,0.857167301088271,2
275,"2011-2012",0.707106781839183,0.707106780533912,1
278,"2011-2012",0.743144826099554,0.66913060566788,1
287,"2011-2012",0.838670568463001,0.544639034218028,5
289,"2011-2012",0.857167301193907,0.51503807409157,1
292,"2011-2012",0.882947593310421,0.469471561936754,2
295,"2011-2012",0.906307787445974,0.422618260862901,1
296,"2011-2012",0.91354545803747,0.406736642188909,1
309,"2011-2012",0.981627183638559,0.190808994394477,1
170,"2011-2012",-0.8660254034426,0.500000000592083,2
277,"2011-2012",0.73135370225174,0.681998359384151,1
278,"2011-2012",0.743144826099554,0.66913060566788,1
296,"2011-2012",0.91354545803747,0.406736642188909,1
300,"2011-2012",0.939692621121067,0.342020142404828,1
37,"2011-2012",0.224951053973039,-0.974370064870847,1
200,"2011-2012",-0.499999999348708,0.866025404160462,4
234,"2011-2012",0.0697564745716338,0.997564050201959,1
236,"2011-2012",0.104528464097171,0.994521895281087,1
270,"2011-2012",0.642787610384843,0.766044442533032,1
285,"2011-2012",0.819152044831454,0.57357643557633,1
288,"2011-2012",0.848048096661222,0.529919263425362,1
291,"2011-2012",0.874619707604536,0.484809619407202,1
213,"2011-2012",-0.29237170397522,0.956304756191574,1
33,"2011-2012",0.292371704367503,-0.956304756071641,2
33,"2011-2012",0.292371704367503,-0.956304756071641,1
42,"2011-2012",0.139173100571905,-0.990268068796123,5
47,"2011-2012",0.0523359558401268,-0.998629534775685,1
62,"2011-2012",-0.207911691245752,-0.978147600642833,2
191,"2011-2012",-0.629320390481328,0.777145961917341,5
192,"2011-2012",-0.615661474747404,0.788010754058504,1
267,"2011-2012",0.601815023874601,0.79863550950281,2
241,"2011-2012",0.190808996206492,0.981627183286339,4
84,"2011-2012",-0.559192903875061,-0.829037572282329,6
103,"2011-2012",-0.798635510366851,-0.60181502272798,3
183,"2011-2012",-0.731353701132698,0.681998360584176,1
267,"2011-2012",0.601815023874601,0.79863550950281,2
269,"2011-2012",0.62932039175649,0.777145960884735,1
292,"2011-2012",0.882947593310421,0.469471561936754,1
296,"2011-2012",0.91354545803747,0.406736642188909,1
300,"2011-2012",0.939692621121067,0.342020142404828,1
302,"2011-2012",0.95105651659938,0.309016993438635,1
307,"2011-2012",0.974370065009262,0.224951053373499,1
317,"2011-2012",0.998629534807887,0.0523359552256602,2
222,"2011-2012",-0.13917310016569,0.990268068853213,2
238,"2011-2012",0.139173101790549,0.990268068624853,1
247,"2011-2012",0.292371705544351,0.956304755711843,1
247,"2011-2012",0.292371705544351,0.956304755711843,1
208,"2011-2012",-0.374606592701723,0.927183854855338,6
208,"2011-2012",-0.374606592701723,0.927183854855338,4
208,"2011-2012",-0.374606592701723,0.927183854855338,1
213,"2011-2012",-0.29237170397522,0.956304756191574,8
213,"2011-2012",-0.29237170397522,0.956304756191574,9
272,"2011-2012",0.669130607039675,0.743144824864384,3
198,"2011-2012",-0.529919263599299,0.848048096552534,1
218,"2011-2012",-0.207911690042023,0.978147600898693,2
261,"2011-2012",0.515038075673843,0.857167300243182,2
238,"2011-2012",0.139173101790549,0.990268068624853,3
284,"2011-2012",0.809016994929509,0.587785251529185,4
197,"2011-2012",-0.544639034390042,0.838670568351294,1
198,"2011-2012",-0.529919263599299,0.848048096552534,1
198,"2011-2012",-0.529919263599299,0.848048096552534,1
298,"2011-2012",0.927183854932172,0.374606592511554,1
265,"2011-2012",0.573576437088427,0.819152043772672,1
404,"2012-2013",0.104528462057374,-0.994521895495479,1
374,"2012-2013",0.587785251363253,-0.809016995050066,1
336,"2011-2012",0.961261695645597,-0.275637356837841,1
359,"2011-2012",0.777145960755659,-0.629320391915886,1
368,"2012-2013",0.669130605515458,-0.743144826236795,1
372,"2012-2013",0.615661474424158,-0.788010754311051,1
375,"2012-2013",0.573576435408319,-0.819152044949097,1
382,"2012-2013",0.469471561755658,-0.882947593406711,1
467,"2012-2013",-0.838670568686417,-0.544639033873999,5
413,"2012-2013",-0.0523359574787042,-0.99862953468981,2
332,"2011-2012",0.978147600514903,-0.207911691847615,1
338,"2011-2012",0.951056515965575,-0.309016995389286,1
442,"2012-2013",-0.529919265338675,-0.848048095465652,2
337,"2011-2012",0.956304755651876,-0.292371705740492,1
349,"2011-2012",0.874619706610175,-0.484809621201076,1
350,"2011-2012",0.866025403237496,-0.500000000947332,1
362,"2011-2012",0.743144824727144,-0.669130607192095,2
372,"2012-2013",0.615661474424158,-0.788010754311051,1
375,"2012-2013",0.573576435408319,-0.819152044949097,1
391,"2012-2013",0.325568153334522,-0.945518575985871,1
395,"2012-2013",0.258819043946852,-0.965925826598729,2
400,"2012-2013",0.173648176477448,-0.984807753221946,1
401,"2012-2013",0.156434463845019,-0.987688340784441,1
399,"2012-2013",0.190808994193142,-0.981627183677694,1
407,"2012-2013",0.0523359550208379,-0.998629534818622,1
454,"2012-2013",-0.694658371416361,-0.719339799414136,1
456,"2012-2013",-0.719339801266334,-0.694658369498353,1
464,"2012-2013",-0.809016995170622,-0.587785251197321,1
356,"2011-2012",0.809016993723941,-0.587785253188506,1
360,"2011-2012",0.766044442401193,-0.642787610541962,1
367,"2012-2013",0.681998359234148,-0.73135370239162,2
469,"2012-2013",-0.857167301405179,-0.515038073739955,1
421,"2012-2013",-0.190808996609163,-0.981627183208067,1
421,"2012-2013",-0.190808996609163,-0.981627183208067,1
384,"2012-2013",0.438371145736259,-0.898794046812661,4
408,"2012-2013",0.034899495477185,-0.999390827061885,1
465,"2012-2013",-0.819152045066739,-0.573576435240308,10
465,"2012-2013",-0.819152045066739,-0.573576435240308,1
465,"2012-2013",-0.819152045066739,-0.573576435240308,6
374,"2012-2013",0.587785251363253,-0.809016995050066,1
409,"2012-2013",0.017452405209128,-0.999847695177829,5
354,"2011-2012",0.829037571938252,-0.559192904385176,1
394,"2012-2013",0.2756373546691,-0.961261696267474,12
464,"2012-2013",-0.809016995170622,-0.587785251197321,1
411,"2012-2013",-0.0174524076699961,-0.999847695134874,2
463,"2012-2013",-0.798635510860588,-0.60181502207277,1
466,"2012-2013",-0.82903757331456,-0.559192902344714,2
469,"2012-2013",-0.857167301405179,-0.515038073739955,1
326,"2011-2012",0.994521895259648,-0.104528464301151,1
327,"2011-2012",0.992546151514399,-0.121869344438855,1
327,"2011-2012",0.992546151514399,-0.121869344438855,1
328,"2011-2012",0.990268068596309,-0.139173101993657,1
330,"2011-2012",0.984807752830172,-0.17364817869931,1
332,"2011-2012",0.978147600514903,-0.207911691847615,1
341,"2011-2012",0.933580426112539,-0.358367950547381,1
399,"2012-2013",0.190808994193142,-0.981627183677694,8
400,"2012-2013",0.173648176477448,-0.984807753221946,1
420,"2012-2013",-0.173648178901297,-0.984807752794556,3
455,"2012-2013",-0.707106782129243,-0.707106780243852,1
468,"2012-2013",-0.848048096878599,-0.529919263077486,3
354,"2011-2012",0.829037571938252,-0.559192904385176,4
365,"2012-2013",0.707106780388882,-0.707106781984213,1
366,"2012-2013",0.694658369645893,-0.719339801123857,1
366,"2012-2013",0.694658369645893,-0.719339801123857,2
367,"2012-2013",0.681998359234148,-0.73135370239162,1
368,"2012-2013",0.669130605515458,-0.743144826236795,1
368,"2012-2013",0.669130605515458,-0.743144826236795,1
442,"2012-2013",-0.529919265338675,-0.848048095465652,3
446,"2012-2013",-0.587785253354439,-0.809016993603384,6
458,"2012-2013",-0.743144826374036,-0.669130605363037,1
459,"2012-2013",-0.754709581103392,-0.65605902797747,1
460,"2012-2013",-0.766044443983249,-0.642787608656541,3
464,"2012-2013",-0.809016995170622,-0.587785251197321,3
442,"2012-2013",-0.529919265338675,-0.848048095465652,4
350,"2011-2012",0.866025403237496,-0.500000000947332,1
355,"2011-2012",0.81915204365503,-0.573576437256437,1
373,"2012-2013",0.601815022236573,-0.798635510737153,1
388,"2012-2013",0.374606592321387,-0.927183855009004,5
448,"2012-2013",-0.615661476363641,-0.788010752795761,1
353,"2011-2012",0.838670567345928,-0.544639035938171,3
355,"2011-2012",0.81915204365503,-0.573576437256437,4
355,"2011-2012",0.81915204365503,-0.573576437256437,4
355,"2011-2012",0.81915204365503,-0.573576437256437,3
380,"2012-2013",0.49999999899346,-0.866025404365565,1
380,"2012-2013",0.49999999899346,-0.866025404365565,1
399,"2012-2013",0.190808994193142,-0.981627183677694,1
430,"2012-2013",-0.342020144524904,-0.939692620349422,1
435,"2012-2013",-0.422618262907655,-0.90630778649249,8
447,"2012-2013",-0.601815024202207,-0.798635509255941,6
468,"2012-2013",-0.848048096878599,-0.529919263077486,2
470,"2012-2013",-0.866025404468117,-0.499999998815835,1
330,"2011-2012",0.984807752830172,-0.17364817869931,1
331,"2011-2012",0.981627183247203,-0.190808996407828,1
332,"2011-2012",0.978147600514903,-0.207911691847615,1
333,"2011-2012",0.97437006454788,-0.224951055371965,1
335,"2011-2012",0.965925826014797,-0.258819046126113,1
339,"2011-2012",0.945518575251344,-0.325568155467743,1
339,"2011-2012",0.945518575251344,-0.325568155467743,1
340,"2011-2012",0.939692620419572,-0.342020144332168,1
343,"2011-2012",0.920504853031259,-0.390731129481515,3
345,"2011-2012",0.906307786579169,-0.42261826272177,1
349,"2011-2012",0.874619706610175,-0.484809621201076,1
363,"2011-2012",0.731353700852938,-0.681998360884183,2
363,"2011-2012",0.731353700852938,-0.681998360884183,1
365,"2012-2013",0.707106780388882,-0.707106781984213,1
369,"2012-2013",0.656059028132263,-0.754709580968832,3
371,"2012-2013",0.629320390162537,-0.777145962175492,1
386,"2012-2013",0.406736642001538,-0.913545458120893,1
386,"2012-2013",0.406736642001538,-0.913545458120893,1
387,"2012-2013",0.39073112740473,-0.920504853912802,1
390,"2012-2013",0.342020142212094,-0.939692621191216,1
398,"2012-2013",0.207911689640781,-0.97814760098398,5
399,"2012-2013",0.190808994193142,-0.981627183677694,1
401,"2012-2013",0.156434463845019,-0.987688340784441,4
408,"2012-2013",0.034899495477185,-0.999390827061885,1
425,"2012-2013",-0.258819046324228,-0.965925825961713,1
426,"2012-2013",-0.275637357034999,-0.961261695589063,5
427,"2012-2013",-0.292371705936634,-0.95630475559191,1
429,"2012-2013",-0.325568155661672,-0.945518575184569,1
430,"2012-2013",-0.342020144524904,-0.939692620349422,4
449,"2012-2013",-0.629320392075281,-0.777145960626583,1
458,"2012-2013",-0.743144826374036,-0.669130605363037,1
330,"2011-2012",0.984807752830172,-0.17364817869931,1
367,"2012-2013",0.681998359234148,-0.73135370239162,2
374,"2012-2013",0.587785251363253,-0.809016995050066,1
391,"2012-2013",0.325568153334522,-0.945518575985871,1
409,"2012-2013",0.017452405209128,-0.999847695177829,1
420,"2012-2013",-0.173648178901297,-0.984807752794556,6
444,"2012-2013",-0.559192904555214,-0.829037571823559,3
444,"2012-2013",-0.559192904555214,-0.829037571823559,2
444,"2012-2013",-0.559192904555214,-0.829037571823559,7
457,"2012-2013",-0.7313537025315,-0.681998359084145,2
469,"2012-2013",-0.857167301405179,-0.515038073739955,10
469,"2012-2013",-0.857167301405179,-0.515038073739955,12
378,"2012-2013",0.529919263251424,-0.848048096769911,1
398,"2012-2013",0.207911689640781,-0.97814760098398,9
402,"2012-2013",0.139173099759475,-0.990268068910302,1
459,"2012-2013",-0.754709581103392,-0.65605902797747,2
332,"2011-2012",0.978147600514903,-0.207911691847615,1
340,"2011-2012",0.939692620419572,-0.342020144332168,1
376,"2012-2013",0.559192902514753,-0.829037573199868,1
396,"2012-2013",0.24192189443656,-0.970295726565992,1
335,"2011-2012",0.965925826014797,-0.258819046126113,1
469,"2012-2013",-0.857167301405179,-0.515038073739955,2
378,"2012-2013",0.529919263251424,-0.848048096769911,4
423,"2012-2013",-0.224951055571812,-0.974370064501741,4
384,"2012-2013",0.438371145736259,-0.898794046812661,1
411,"2012-2013",-0.0174524076699961,-0.999847695134874,3
435,"2012-2013",-0.422618262907655,-0.90630778649249,2
367,"2012-2013",0.681998359234148,-0.73135370239162,1
351,"2011-2012",0.857167300137546,-0.515038075849651,1
363,"2011-2012",0.731353700852938,-0.681998360884183,3
406,"2012-2013",0.0697564725255957,-0.997564050345032,3
442,"2012-2013",-0.529919265338675,-0.848048095465652,1
447,"2012-2013",-0.601815024202207,-0.798635509255941,3
458,"2012-2013",-0.743144826374036,-0.669130605363037,3
429,"2012-2013",-0.325568155661672,-0.945518575184569,1
441,"2012-2013",-0.515038076025459,-0.85716730003191,3
375,"2012-2013",0.573576435408319,-0.819152044949097,4
375,"2012-2013",0.573576435408319,-0.819152044949097,3
459,"2012-2013",-0.754709581103392,-0.65605902797747,7
466,"2012-2013",-0.82903757331456,-0.559192902344714,3
338,"2011-2012",0.951056515965575,-0.309016995389286,1
339,"2011-2012",0.945518575251344,-0.325568155467743,1
483,"2012-2013",-0.956304756371474,-0.292371703386796,7
476,"2012-2013",-0.913545458204316,-0.406736641814167,1
483,"2012-2013",-0.956304756371474,-0.292371703386796,1
497,"2012-2013",-0.998629534829356,-0.0523359548160156,3
632,"2012-2013",0.66913060764936,0.743144824315421,1
615,"2012-2013",0.422618263279429,0.906307786319129,2
491,"2012-2013",-0.987688340816526,-0.156434463642439,1
503,"2012-2013",-0.998629534679076,0.0523359576835266,1
510,"2012-2013",-0.98480775275894,0.173648179103285,5
631,"2012-2013",0.656059030299373,0.754709579084993,1
477,"2012-2013",-0.920504853992942,-0.390731127215933,1
600,"2012-2013",0.173648179305274,0.984807752723324,4
471,"2012-2013",-0.874619707803408,-0.484809619048428,2
484,"2012-2013",-0.961261696324008,-0.275637354471942,1
632,"2012-2013",0.66913060764936,0.743144824315421,1
639,"2012-2013",0.754709581372512,0.656059027667883,1
481,"2012-2013",-0.945518576052646,-0.325568153140593,4
634,"2012-2013",0.694658371711441,0.719339799129181,1
634,"2012-2013",0.694658371711441,0.719339799129181,1
635,"2012-2013",0.707106782419303,0.707106779953792,1
635,"2012-2013",0.707106782419303,0.707106779953792,1
635,"2012-2013",0.707106782419303,0.707106779953792,1
636,"2012-2013",0.719339801551287,0.694658369203277,1
637,"2012-2013",0.731353702811262,0.681998358784137,2
638,"2012-2013",0.743144826648518,0.669130605058194,2
638,"2012-2013",0.743144826648518,0.669130605058194,2
639,"2012-2013",0.754709581372512,0.656059027667883,1
642,"2012-2013",0.788010754689874,0.615661473939287,1
643,"2012-2013",0.798635511107457,0.601815021745162,1
644,"2012-2013",0.809016995411736,0.587785250865456,1
517,"2012-2013",-0.956304755531943,0.292371706132775,1
522,"2012-2013",-0.927183854010174,0.374606594793578,1
634,"2012-2013",0.694658371711441,0.719339799129181,3
638,"2012-2013",0.743144826648518,0.669130605058194,1
641,"2012-2013",0.77714596256272,0.629320389684351,1
641,"2012-2013",0.77714596256272,0.629320389684351,1
642,"2012-2013",0.788010754689874,0.615661473939287,1
643,"2012-2013",0.798635511107457,0.601815021745162,1
644,"2012-2013",0.809016995411736,0.587785250865456,1
498,"2012-2013",-0.999390827069043,-0.0348994952722065,3
628,"2012-2013",0.61566147668689,0.788010752543211,3
628,"2012-2013",0.61566147668689,0.788010752543211,1
631,"2012-2013",0.656059030299373,0.754709579084993,1
642,"2012-2013",0.788010754689874,0.615661473939287,1
612,"2012-2013",0.374606594983745,0.927183853933342,1
614,"2012-2013",0.406736644624737,0.91354545695297,1
614,"2012-2013",0.406736644624737,0.91354545695297,4
481,"2012-2013",-0.945518576052646,-0.325568153140593,11
502,"2012-2013",-0.999390826968831,0.0348994981419053,1
522,"2012-2013",-0.927183854010174,0.374606594793578,4
629,"2012-2013",0.629320392394071,0.777145960368432,1
484,"2012-2013",-0.961261696324008,-0.275637354471942,1
488,"2012-2013",-0.978147601026624,-0.207911689440158,8
498,"2012-2013",-0.999390827069043,-0.0348994952722065,9
506,"2012-2013",-0.99452189521677,0.104528464709111,12
506,"2012-2013",-0.99452189521677,0.104528464709111,1
616,"2012-2013",0.438371148317099,0.898794045553901,3
616,"2012-2013",0.438371148317099,0.898794045553901,3
474,"2012-2013",-0.898794046902572,-0.438371145551913,1
488,"2012-2013",-0.978147601026624,-0.207911689440158,6
495,"2012-2013",-0.996194698215884,-0.0871557413287494,1
506,"2012-2013",-0.99452189521677,0.104528464709111,5
522,"2012-2013",-0.927183854010174,0.374606594793578,1
611,"2012-2013",0.358367951121823,0.933580425892031,1
495,"2012-2013",-0.996194698215884,-0.0871557413287494,2
615,"2012-2013",0.422618263279429,0.906307786319129,2
536,"2012-2013",-0.809016993482827,0.587785253520372,1
577,"2012-2013",-0.224951052773959,0.974370065147677,3
583,"2012-2013",-0.121869341792385,0.992546151839344,7
470,"2012-2013",-0.866025404468117,-0.499999998815835,3
470,"2012-2013",-0.866025404468117,-0.499999998815835,1
474,"2012-2013",-0.898794046902572,-0.438371145551913,7
474,"2012-2013",-0.898794046902572,-0.438371145551913,1
478,"2012-2013",-0.927183855085837,-0.374606592131218,2
483,"2012-2013",-0.956304756371474,-0.292371703386796,7
487,"2012-2013",-0.974370065101538,-0.224951052973805,3
519,"2012-2013",-0.945518575117794,0.325568155855601,3
530,"2012-2013",-0.866025403032392,0.500000001302583,1
536,"2012-2013",-0.809016993482827,0.587785253520372,1
545,"2012-2013",-0.707106780098824,0.707106782274271,4
545,"2012-2013",-0.707106780098824,0.707106782274271,1
545,"2012-2013",-0.707106780098824,0.707106782274271,1
547,"2012-2013",-0.681998358934142,0.73135370267138,1
547,"2012-2013",-0.681998358934142,0.73135370267138,1
554,"2012-2013",-0.58778525103139,0.809016995291178,8
558,"2012-2013",-0.529919262903549,0.848048096987287,6
558,"2012-2013",-0.529919262903549,0.848048096987287,1
566,"2012-2013",-0.406736641626796,0.913545458287739,8
570,"2012-2013",-0.342020141826624,0.939692621331516,6
576,"2012-2013",-0.241921894038536,0.97029572666523,8
582,"2012-2013",-0.13917309935326,0.990268068967392,7
582,"2012-2013",-0.13917309935326,0.990268068967392,1
585,"2012-2013",-0.0871557411244247,0.99619469823376,7
585,"2012-2013",-0.0871557411244247,0.99619469823376,1
607,"2012-2013",0.292371706328917,0.956304755471977,1
500,"2012-2013",-1,1.43572399962147e-09,3
500,"2012-2013",-1,1.43572399962147e-09,1
476,"2012-2013",-0.913545458204316,-0.406736641814167,1
476,"2012-2013",-0.913545458204316,-0.406736641814167,1
530,"2012-2013",-0.866025403032392,0.500000001302583,1
638,"2012-2013",0.743144826648518,0.669130605058194,1
488,"2012-2013",-0.978147601026624,-0.207911689440158,9
505,"2012-2013",-0.996194697965621,0.0871557441892707,9
505,"2012-2013",-0.996194697965621,0.0871557441892707,1
505,"2012-2013",-0.996194697965621,0.0871557441892707,1
505,"2012-2013",-0.996194697965621,0.0871557441892707,1
505,"2012-2013",-0.996194697965621,0.0871557441892707,6
505,"2012-2013",-0.996194697965621,0.0871557441892707,2
520,"2012-2013",-0.939692620279273,0.342020144717638,4
474,"2012-2013",-0.898794046902572,-0.438371145551913,1
478,"2012-2013",-0.927183855085837,-0.374606592131218,2
490,"2012-2013",-0.984807753257562,-0.173648176275461,1
517,"2012-2013",-0.956304755531943,0.292371706132775,1
506,"2012-2013",-0.99452189521677,0.104528464709111,1
509,"2012-2013",-0.987688340367332,0.156434466478537,2
523,"2012-2013",-0.920504852870978,0.390731129859113,1
623,"2012-2013",0.544639036454212,0.838670567010807,2
511,"2012-2013",-0.981627183168932,0.190808996810498,6
529,"2012-2013",-0.874619706411303,0.484809621559851,1
605,"2012-2013",0.258819046720457,0.965925825855543,7
621,"2012-2013",0.515038076377073,0.857167299820638,1
623,"2012-2013",0.544639036454212,0.838670567010807,1
605,"2012-2013",0.258819046720457,0.965925825855543,1
605,"2012-2013",0.258819046720457,0.965925825855543,1
511,"2012-2013",-0.981627183168932,0.190808996810498,5
603,"2012-2013",0.224951055971507,0.974370064409464,1
611,"2012-2013",0.358367951121823,0.933580425892031,1
618,"2012-2013",0.469471564290995,0.882947592058649,1
606,"2012-2013",0.275637357429315,0.961261695475995,5
676,"2012-2013",0.997564050387954,0.0697564719117861,1
719,"2012-2013",0.777145960239356,-0.629320392553467,1
667,"2012-2013",0.974370065193815,0.22495105257411,1
670,"2012-2013",0.984807753328793,0.173648175871488,1
671,"2012-2013",0.987688340880696,0.156434463237285,2
714,"2012-2013",0.829037571479482,-0.559192905065329,2
717,"2012-2013",0.798635508885638,-0.601815024693616,1
647,"2012-2013",0.83867056890983,0.544639033529972,1
655,"2012-2013",0.906307787792696,0.422618260119353,2
660,"2012-2013",0.939692621401665,0.342020141633891,1
661,"2012-2013",0.945518576186197,0.325568152752733,1
741,"2013-2014",0.484809618510264,-0.874619708101717,1
646,"2012-2013",0.829037573543945,0.559192902004637,1
679,"2012-2013",0.999847695188567,0.0174524045939132,1
724,"2012-2013",0.719339798986705,-0.694658371858978,1
645,"2012-2013",0.819152045302024,0.573576434904286,1
648,"2012-2013",0.848048097095976,0.529919262729611,1
649,"2012-2013",0.857167301616452,0.515038073388338,1
649,"2012-2013",0.857167301616452,0.515038073388338,1
651,"2012-2013",0.87461970800228,0.484809618689653,1
652,"2012-2013",0.882947593695583,0.46947156121237,1
661,"2012-2013",0.945518576186197,0.325568152752733,1
662,"2012-2013",0.951056516852902,0.309016992658375,1
663,"2012-2013",0.956304756491406,0.292371702994513,1
663,"2012-2013",0.956304756491406,0.292371702994513,1
663,"2012-2013",0.956304756491406,0.292371702994513,1
665,"2012-2013",0.965925826757983,0.258819043352508,1
674,"2012-2013",0.994521895559796,0.104528461445433,1
677,"2012-2013",0.998629534850825,0.0523359544063691,2
681,"2012-2013",0.999847695124136,-0.0174524082852109,2
681,"2012-2013",0.999847695124136,-0.0174524082852109,1
683,"2012-2013",0.998629534657608,-0.052335958093173,1
685,"2012-2013",0.996194697929869,-0.0871557445979148,1
685,"2012-2013",0.996194697929869,-0.0871557445979148,1
694,"2012-2013",0.970295725821707,-0.241921897421723,1
710,"2012-2013",0.866025402827288,-0.500000001657833,1
716,"2012-2013",0.809016993241713,-0.587785253852237,1
730,"2013-2014",0.642787608185187,-0.766044444378762,1
745,"2013-2014",0.422618259933466,-0.906307787879377,1
646,"2012-2013",0.829037573543945,0.559192902004637,1
646,"2012-2013",0.829037573543945,0.559192902004637,1
650,"2012-2013",0.86602540467322,0.499999998460585,1
650,"2012-2013",0.86602540467322,0.499999998460585,1
652,"2012-2013",0.882947593695583,0.46947156121237,1
656,"2012-2013",0.913545458371162,0.406736641439424,1
658,"2012-2013",0.927183855239504,0.374606591750879,1
659,"2012-2013",0.933580427141574,0.358367947866654,1
663,"2012-2013",0.956304756491406,0.292371702994513,1
663,"2012-2013",0.956304756491406,0.292371702994513,1
664,"2012-2013",0.961261696437076,0.275637354077626,1
665,"2012-2013",0.965925826757983,0.258819043352508,1
666,"2012-2013",0.970295726714849,0.241921893839527,2
670,"2012-2013",0.984807753328793,0.173648175871488,1
671,"2012-2013",0.987688340880696,0.156434463237285,1
672,"2012-2013",0.990268068995937,0.139173099150153,1
672,"2012-2013",0.990268068995937,0.139173099150153,1
672,"2012-2013",0.990268068995937,0.139173099150153,2
674,"2012-2013",0.994521895559796,0.104528461445433,1
676,"2012-2013",0.997564050387954,0.0697564719117861,1
677,"2012-2013",0.998629534850825,0.0523359544063691,1
677,"2012-2013",0.998629534850825,0.0523359544063691,1
678,"2012-2013",0.999390827083359,0.0348994948622496,1
681,"2012-2013",0.999847695124136,-0.0174524082852109,1
681,"2012-2013",0.999847695124136,-0.0174524082852109,1
683,"2012-2013",0.998629534657608,-0.052335958093173,1
683,"2012-2013",0.998629534657608,-0.052335958093173,1
683,"2012-2013",0.998629534657608,-0.052335958093173,2
684,"2012-2013",0.997564050130423,-0.0697564755946528,1
685,"2012-2013",0.996194697929869,-0.0871557445979148,1
687,"2012-2013",0.992546151414415,-0.121869345253153,2
709,"2012-2013",0.874619706212431,-0.484809621918626,1
714,"2012-2013",0.829037571479482,-0.559192905065329,1
734,"2013-2014",0.587785250699523,-0.809016995532294,1
653,"2012-2013",0.891006524998469,0.453990498149634,1
705,"2012-2013",0.906307786232448,-0.422618263465316,3
666,"2012-2013",0.970295726714849,0.241921893839527,1
647,"2012-2013",0.83867056890983,0.544639033529972,1
655,"2012-2013",0.906307787792696,0.422618260119353,1
659,"2012-2013",0.933580427141574,0.358367947866654,2
664,"2012-2013",0.961261696437076,0.275637354077626,1
744,"2013-2014",0.438371144998876,-0.898794047172307,1
648,"2012-2013",0.848048097095976,0.529919262729611,2
660,"2012-2013",0.939692621401665,0.342020141633891,1
679,"2012-2013",0.999847695188567,0.0174524045939132,1
681,"2012-2013",0.999847695124136,-0.0174524082852109,1
713,"2012-2013",0.838670566899098,-0.544639036626227,1
722,"2012-2013",0.743144824178179,-0.669130607801783,1
728,"2012-2013",0.669130604905772,-0.743144826785759,4
733,"2013-2014",0.601815021581361,-0.798635511230891,1
656,"2012-2013",0.913545458371162,0.406736641439424,1
675,"2012-2013",0.996194698251636,0.0871557409201035,1
676,"2012-2013",0.997564050387954,0.0697564719117861,1
738,"2013-2014",0.529919262555674,-0.848048097204664,1
747,"2013-2014",0.390731126649535,-0.920504854233363,1
661,"2012-2013",0.945518576186197,0.325568152752733,1
684,"2012-2013",0.997564050130423,-0.0697564755946528,5
694,"2012-2013",0.970295725821707,-0.241921897421723,1
736,"2013-2014",0.559192901834599,-0.829037573658637,3
650,"2012-2013",0.86602540467322,0.499999998460585,3
729,"2012-2013",0.656059027513089,-0.754709581507072,1
647,"2012-2013",0.83867056890983,0.544639033529972,1
653,"2012-2013",0.891006524998469,0.453990498149634,1
695,"2012-2013",0.965925825802459,-0.258819046918572,1
667,"2012-2013",0.974370065193815,0.22495105257411,1
687,"2012-2013",0.992546151414415,-0.121869345253153,2
699,"2012-2013",0.945518574984244,-0.325568156243459,1
654,"2012-2013",0.898794047082395,0.438371145183221,1
729,"2012-2013",0.656059027513089,-0.754709581507072,4
744,"2013-2014",0.438371144998876,-0.898794047172307,1
745,"2013-2014",0.422618259933466,-0.906307787879377,2
655,"2012-2013",0.906307787792696,0.422618260119353,1
657,"2012-2013",0.920504854153222,0.390731126838335,1
673,"2012-2013",0.99254615186434,0.12186934158881,1
704,"2012-2013",0.913545456869547,-0.406736644812108,1
732,"2013-2014",0.615661473777662,-0.788010754816149,1
740,"2013-2014",0.499999998282962,-0.866025404775771,1
740,"2013-2014",0.499999998282962,-0.866025404775771,2
679,"2012-2013",0.999847695188567,0.0174524045939132,1
710,"2012-2013",0.866025402827288,-0.500000001657833,1
646,"2012-2013",0.829037573543945,0.559192902004637,1
653,"2012-2013",0.891006524998469,0.453990498149634,1
656,"2012-2013",0.913545458371162,0.406736641439424,1
704,"2012-2013",0.913545456869547,-0.406736644812108,1
720,"2012-2013",0.766044441873842,-0.642787611170434,1
681,"2012-2013",0.999847695124136,-0.0174524082852109,1
724,"2012-2013",0.719339798986705,-0.694658371858978,1
652,"2012-2013",0.882947593695583,0.46947156121237,1
658,"2012-2013",0.927183855239504,0.374606591750879,1
666,"2012-2013",0.970295726714849,0.241921893839527,1
666,"2012-2013",0.970295726714849,0.241921893839527,1
687,"2012-2013",0.992546151414415,-0.121869345253153,1
687,"2012-2013",0.992546151414415,-0.121869345253153,1
707,"2012-2013",0.891006523322398,-0.453990501439109,1
681,"2012-2013",0.999847695124136,-0.0174524082852109,1
723,"2012-2013",0.731353700293417,-0.681998361484195,4
732,"2013-2014",0.615661473777662,-0.788010754816149,3
732,"2013-2014",0.615661473777662,-0.788010754816149,2
776,"2013-2014",-0.10452846532105,-0.994521895152453,1
776,"2013-2014",-0.10452846532105,-0.994521895152453,7
800,"2013-2014",-0.500000001835456,-0.866025402724738,2
792,"2013-2014",-0.374606595364084,-0.927183853779675,1
792,"2013-2014",-0.374606595364084,-0.927183853779675,1
817,"2013-2014",-0.731353703091021,-0.681998358484132,4
830,"2013-2014",-0.866025404878324,-0.499999998105336,4
827,"2013-2014",-0.838670569133246,-0.544639033185942,2
759,"2013-2014",0.1908089933878,-0.981627183834237,1
760,"2013-2014",0.173648175669498,-0.984807753364409,1
763,"2013-2014",0.121869341385235,-0.992546151889336,1
763,"2013-2014",0.121869341385235,-0.992546151889336,1
763,"2013-2014",0.121869341385235,-0.992546151889336,1
765,"2013-2014",0.0871557407157788,-0.996194698269512,1
765,"2013-2014",0.0871557407157788,-0.996194698269512,1
765,"2013-2014",0.0871557407157788,-0.996194698269512,1
765,"2013-2014",0.0871557407157788,-0.996194698269512,1
767,"2013-2014",0.0523359542015485,-0.998629534861559,1
768,"2013-2014",0.0348994946572711,-0.999390827090517,1
771,"2013-2014",-0.0174524084902848,-0.999847695120556,1
780,"2013-2014",-0.173648179709249,-0.984807752652092,1
798,"2013-2014",-0.469471564653186,-0.882947591866069,3
815,"2013-2014",-0.707106782709362,-0.707106779663733,1
824,"2013-2014",-0.809016995652848,-0.587785250533593,1
827,"2013-2014",-0.838670569133246,-0.544639033185942,6
830,"2013-2014",-0.866025404878324,-0.499999998105336,1
843,"2013-2014",-0.956304756611339,-0.29237170260223,4
759,"2013-2014",0.1908089933878,-0.981627183834237,1
760,"2013-2014",0.173648175669498,-0.984807753364409,1
763,"2013-2014",0.121869341385235,-0.992546151889336,1
764,"2013-2014",0.104528461241455,-0.994521895581235,2
766,"2013-2014",0.0697564717071805,-0.997564050402261,1
766,"2013-2014",0.0697564717071805,-0.997564050402261,1
790,"2013-2014",-0.342020145295839,-0.939692620068825,1
796,"2013-2014",-0.43837114868579,-0.898794045374078,11
832,"2013-2014",-0.882947593888163,-0.469471560850179,4
820,"2013-2014",-0.766044444510602,-0.642787608028066,9
821,"2013-2014",-0.777145962820871,-0.629320389365561,3
835,"2013-2014",-0.906307787966057,-0.422618259747579,3
817,"2013-2014",-0.731353703091021,-0.681998358484132,6
775,"2013-2014",-0.0871557448022395,-0.996194697911993,1
824,"2013-2014",-0.809016995652848,-0.587785250533593,2
827,"2013-2014",-0.838670569133246,-0.544639033185942,1
823,"2013-2014",-0.798635511354326,-0.601815021417557,6
821,"2013-2014",-0.777145962820871,-0.629320389365561,7
789,"2013-2014",-0.32556815643739,-0.945518574917468,6
824,"2013-2014",-0.809016995652848,-0.587785250533593,14
768,"2013-2014",0.0348994946572711,-0.999390827090517,1
776,"2013-2014",-0.10452846532105,-0.994521895152453,1
806,"2013-2014",-0.587785254018169,-0.809016993121156,1
818,"2013-2014",-0.743144826923,-0.669130604753351,1
818,"2013-2014",-0.743144826923,-0.669130604753351,2
824,"2013-2014",-0.809016995652848,-0.587785250533593,14
807,"2013-2014",-0.601815024857417,-0.798635508762205,2
818,"2013-2014",-0.743144826923,-0.669130604753351,1
825,"2013-2014",-0.819152045537309,-0.573576434568264,5
775,"2013-2014",-0.0871557448022395,-0.996194697911993,1
826,"2013-2014",-0.82903757377333,-0.55919290166456,1
829,"2013-2014",-0.857167301827723,-0.515038073036724,1
831,"2013-2014",-0.874619708201153,-0.484809618330876,2
831,"2013-2014",-0.874619708201153,-0.484809618330876,4
845,"2013-2014",-0.965925826864153,-0.258819042956277,1
833,"2013-2014",-0.891006525184698,-0.453990497784139,2
834,"2013-2014",-0.898794047262218,-0.43837114481453,2
834,"2013-2014",-0.898794047262218,-0.43837114481453,1
834,"2013-2014",-0.898794047262218,-0.43837114481453,1
834,"2013-2014",-0.898794047262218,-0.43837114481453,5
834,"2013-2014",-0.898794047262218,-0.43837114481453,1
767,"2013-2014",0.0523359542015485,-0.998629534861559,3
824,"2013-2014",-0.809016995652848,-0.587785250533593,6
764,"2013-2014",0.104528461241455,-0.994521895581235,3
792,"2013-2014",-0.374606595364084,-0.927183853779675,1
821,"2013-2014",-0.777145962820871,-0.629320389365561,3
807,"2013-2014",-0.601815024857417,-0.798635508762205,1
775,"2013-2014",-0.0871557448022395,-0.996194697911993,6
819,"2013-2014",-0.754709581641631,-0.656059027358297,2
833,"2013-2014",-0.891006525184698,-0.453990497784139,1
834,"2013-2014",-0.898794047262218,-0.43837114481453,1
772,"2013-2014",-0.0348994987568408,-0.999390826947357,1
842,"2013-2014",-0.951056516979662,-0.309016992268247,10
767,"2013-2014",0.0523359542015485,-0.998629534861559,1
86,"2011-2012",-0.587785252690711,-0.809016994085611,4
124,"2011-2012",-0.961261696097871,-0.275637355260575,7
241,"2011-2012",0.190808996206492,0.981627183286339,1
473,"2012-2013",-0.891006524812239,-0.453990498515131,1
606,"2012-2013",0.275637357429315,0.961261695475995,7
613,"2012-2013",0.390731130047913,0.920504852790837,1
623,"2012-2013",0.544639036454212,0.838670567010807,6
630,"2012-2013",0.642787611013316,0.76604444200568,1
644,"2012-2013",0.809016995411736,0.587785250865456,1
894,"2013-2014",-0.829037571250097,0.559192905405406,3
855,"2013-2014",-0.996194698287388,-0.0871557405114576,2
1111,"Fall 2014",0.325568151783091,-0.945518576520071,1
961,"2013-2014",0.190808997817172,0.981627182973254,5
962,"2013-2014",0.207911693251965,0.978147600216399,5
1005,"2013-2014",0.819152045772594,0.573576434232243,1
1066,"2013-2014",0.898794045104344,-0.438371149238828,2
1066,"2013-2014",0.898794045104344,-0.438371149238828,1
1152,"Fall 2014",-0.374606596124758,-0.927183853472342,4
859,"2013-2014",-0.999847695195727,-0.0174524041837653,3
866,"2013-2014",-0.994521895131013,0.104528465525032,1
952,"2013-2014",0.0348994991667995,0.99939082693304,1
958,"2013-2014",0.139173103415407,0.990268068396495,1
958,"2013-2014",0.139173103415407,0.990268068396495,2
959,"2013-2014",0.156434467491428,0.987688340206906,5
963,"2013-2014",0.224951056770892,0.974370064224912,1
1119,"Fall 2014",0.19080899258246,-0.981627183990779,4
1128,"Fall 2014",0.0348994938373554,-0.999390827119149,4
1146,"Fall 2014",-0.275637358612262,-0.96126169513679,1
849,"2013-2014",-0.981627183873372,-0.190808993186468,7
852,"2013-2014",-0.990268069053027,-0.139173098743938,1
852,"2013-2014",-0.990268069053027,-0.139173098743938,1
901,"2013-2014",-0.754709578681314,0.656059030763752,2
950,"2013-2014",2.46124114220824e-09,1,2
987,"2013-2014",0.601815025185026,0.798635508515334,1
1002,"2013-2014",0.788010755194972,0.615661473292791,1
1002,"2013-2014",0.788010755194972,0.615661473292791,3
854,"2013-2014",-0.994521895602675,-0.104528461037475,12
970,"2013-2014",0.342020145681308,0.939692619928526,3
975,"2013-2014",0.422618264022976,0.906307785972407,2
908,"2013-2014",-0.669130604600929,0.743144827060241,3
954,"2013-2014",0.0697564762084642,0.997564050087501,1
972,"2013-2014",0.374606595744421,0.927183853626009,1
985,"2013-2014",0.573576438432515,0.819152042831532,1
1015,"2013-2014",0.906307788139418,0.422618259375805,1
1016,"2013-2014",0.913545458704855,0.406736640689938,1
1032,"2013-2014",0.990268069110116,0.139173098337723,1
961,"2013-2014",0.190808997817172,0.981627182973254,6
1023,"2013-2014",0.956304756731272,0.292371702209948,1
967,"2013-2014",0.292371707113482,0.956304755232111,1
1016,"2013-2014",0.913545458704855,0.406736640689938,2
1052,"2013-2014",0.978147600173756,-0.207911693452587,1
970,"2013-2014",0.342020145681308,0.939692619928526,3
961,"2013-2014",0.190808997817172,0.981627182973254,1
961,"2013-2014",0.190808997817172,0.981627182973254,2
965,"2013-2014",0.258819047512915,0.965925825643205,1
1019,"2013-2014",0.933580427435584,0.358367947100732,1
1028,"2013-2014",0.978147601282484,0.20791168823643,3
961,"2013-2014",0.190808997817172,0.981627182973254,4
970,"2013-2014",0.342020145681308,0.939692619928526,1
972,"2013-2014",0.374606595744421,0.927183853626009,1
996,"2013-2014",0.719339802121194,0.69465836861312,2
1024,"2013-2014",0.961261696663213,0.275637353288994,3
1028,"2013-2014",0.978147601282484,0.20791168823643,3
1045,"2013-2014",0.996194697858365,-0.0871557454152084,1
1076,"2013-2014",0.809016992759486,-0.587785254515965,1
1076,"2013-2014",0.809016992759486,-0.587785254515965,1
964,"2013-2014",0.241921898018758,0.97029572567285,5
968,"2013-2014",0.309016996754741,0.951056515521912,2
1015,"2013-2014",0.906307788139418,0.422618259375805,1
1028,"2013-2014",0.978147601282484,0.20791168823643,3
969,"2013-2014",0.325568156825248,0.945518574783918,1
969,"2013-2014",0.325568156825248,0.945518574783918,1
1040,"2013-2014",1,-2.66634457072559e-09,2
1130,"Fall 2014",-2.87144799924295e-09,-1,10
1130,"Fall 2014",-2.87144799924295e-09,-1,7
1130,"Fall 2014",-2.87144799924295e-09,-1,1
897,"2013-2014",-0.798635508638771,0.60181502502122,14
898,"2013-2014",-0.788010752164389,0.61566147717176,1
899,"2013-2014",-0.777145959981204,0.629320392872257,1
899,"2013-2014",-0.777145959981204,0.629320392872257,1
899,"2013-2014",-0.777145959981204,0.629320392872257,1
899,"2013-2014",-0.777145959981204,0.629320392872257,1
900,"2013-2014",-0.766044441610165,0.642787611484672,1
900,"2013-2014",-0.766044441610165,0.642787611484672,1
902,"2013-2014",-0.743144823903698,0.669130608106625,1
902,"2013-2014",-0.743144823903698,0.669130608106625,1
903,"2013-2014",-0.731353700013657,0.681998361784201,12
903,"2013-2014",-0.731353700013657,0.681998361784201,1
903,"2013-2014",-0.731353700013657,0.681998361784201,4
904,"2013-2014",-0.71933979870175,0.694658372154058,1
904,"2013-2014",-0.71933979870175,0.694658372154058,1
919,"2013-2014",-0.515038072860916,0.857167301933359,1
927,"2013-2014",-0.390731126271939,0.920504854393643,1
927,"2013-2014",-0.390731126271939,0.920504854393643,1
927,"2013-2014",-0.390731126271939,0.920504854393643,10
934,"2013-2014",-0.275637353486152,0.961261696606679,11
935,"2013-2014",-0.258819042758165,0.965925826917236,1
935,"2013-2014",-0.258819042758165,0.965925826917236,1
935,"2013-2014",-0.258819042758165,0.965925826917236,1
935,"2013-2014",-0.258819042758165,0.965925826917236,1
935,"2013-2014",-0.258819042758165,0.965925826917236,2
935,"2013-2014",-0.258819042758165,0.965925826917236,1
937,"2013-2014",-0.224951051974572,0.97437006533223,11
937,"2013-2014",-0.224951051974572,0.97437006533223,1
938,"2013-2014",-0.207911688437055,0.97814760123984,1
973,"2013-2014",0.390731130803108,0.920504852470276,1
984,"2013-2014",0.559192905575445,0.829037571135405,1
1022,"2013-2014",0.951056517106423,0.309016991878117,1
1132,"Fall 2014",-0.0348994995767529,-0.999390826918725,7
1132,"Fall 2014",-0.0348994995767529,-0.999390826918725,1
1136,"Fall 2014",-0.104528466136968,-0.994521895066696,2
955,"2013-2014",0.0871557452108854,0.996194697876241,3
867,"2013-2014",-0.992546151364424,0.121869345660301,3
887,"2013-2014",-0.891006523136168,0.453990501804606,1
1036,"2013-2014",0.997564050445183,0.0697564710933691,1
1103,"Fall 2014",0.45399049723589,-0.891006525464045,1
867,"2013-2014",-0.992546151364424,0.121869345660301,12
1040,"2013-2014",1,-2.66634457072559e-09,2
1063,"2013-2014",0.920504852390137,-0.390731130991903,2
1125,"Fall 2014",0.0871557398984888,-0.996194698341016,1
957,"2013-2014",0.121869345863879,0.992546151339428,4
1015,"2013-2014",0.906307788139418,0.422618259375805,2
1036,"2013-2014",0.997564050445183,0.0697564710933691,1
1146,"Fall 2014",-0.275637358612262,-0.96126169513679,1
957,"2013-2014",0.121869345863879,0.992546151339428,4
957,"2013-2014",0.121869345863879,0.992546151339428,6
1009,"2013-2014",0.857167302038995,0.515038072685108,1
1028,"2013-2014",0.978147601282484,0.20791168823643,2
1066,"2013-2014",0.898794045104344,-0.438371149238828,3
1094,"2013-2014",0.587785250035794,-0.809016996014521,2
1096,"Fall 2014",0.559192901154445,-0.829037574117407,2
1107,"Fall 2014",0.390731125894342,-0.920504854553924,3
1127,"Fall 2014",0.0523359533822609,-0.998629534904496,3
1022,"2013-2014",0.951056517106423,0.309016991878117,1
853,"2013-2014",-0.992546151914332,-0.121869341181659,1
858,"2013-2014",-0.999390827097675,-0.0348994944522944,1
874,"2013-2014",-0.970295725722469,0.241921897819743,1
890,"2013-2014",-0.866025402622186,0.500000002013081,1
931,"2013-2014",-0.325568152170949,0.945518576386521,1
1029,"2013-2014",0.981627183951643,0.190808992783798,1
1039,"2013-2014",0.999847695202886,0.0174524037736209,1
1039,"2013-2014",0.999847695202886,0.0174524037736209,1
1086,"2013-2014",0.694658368465581,-0.719339802263671,1
850,"2013-2014",-0.984807753400025,-0.173648175467509,2
1017,"2013-2014",0.920504854473783,0.39073112608314,1
1028,"2013-2014",0.978147601282484,0.20791168823643,1
1002,"2013-2014",0.788010755194972,0.615661473292791,1
978,"2013-2014",0.46947156501538,0.882947591673486,7
1008,"2013-2014",0.848048097530728,0.529919262033862,4
1067,"2013-2014",0.891006522949938,-0.453990502170103,1
1068,"2013-2014",0.882947591577198,-0.469471565196473,1
1070,"2013-2014",0.866025402417082,-0.50000000236833,1
1116,"Fall 2014",0.241921892844472,-0.970295726962944,1
959,"2013-2014",0.156434467491428,0.987688340206906,2
1011,"2013-2014",0.874619708400023,0.484809617972105,4
1019,"2013-2014",0.933580427435584,0.358367947100732,1
1039,"2013-2014",0.999847695202886,0.0174524037736209,1
1070,"2013-2014",0.866025402417082,-0.50000000236833,1
1072,"2013-2014",0.848048094704835,-0.529919266556236,1
1072,"2013-2014",0.848048094704835,-0.529919266556236,1
1074,"2013-2014",0.829037571020713,-0.559192905745483,1
1076,"2013-2014",0.809016992759486,-0.587785254515965,1
1090,"2013-2014",0.642787607556714,-0.766044444906114,3
944,"2013-2014",-0.104528460833495,0.994521895624114,1
902,"2013-2014",-0.743144823903698,0.669130608106625,1
915,"2013-2014",-0.573576434400253,0.819152045654951,2
916,"2013-2014",-0.559192901494522,0.829037573888022,2
916,"2013-2014",-0.559192901494522,0.829037573888022,1
917,"2013-2014",-0.544639033013928,0.838670569244953,1
918,"2013-2014",-0.529919262207797,0.848048097422041,2
919,"2013-2014",-0.515038072860916,0.857167301933359,2
921,"2013-2014",-0.484809618151489,0.874619708300589,1
924,"2013-2014",-0.438371144630184,0.89879404735213,1
924,"2013-2014",-0.438371144630184,0.89879404735213,1
931,"2013-2014",-0.325568152170949,0.945518576386521,1
931,"2013-2014",-0.325568152170949,0.945518576386521,1
967,"2013-2014",0.292371707113482,0.956304755232111,1
970,"2013-2014",0.342020145681308,0.939692619928526,1
970,"2013-2014",0.342020145681308,0.939692619928526,1
981,"2013-2014",0.515038077080306,0.857167299398093,14
1106,"Fall 2014",0.406736640502566,-0.913545458788278,2
966,"2013-2014",0.275637358217949,0.961261695249858,1
1035,"2013-2014",0.99619469832314,0.0871557401028117,1
918,"2013-2014",-0.529919262207797,0.848048097422041,6
967,"2013-2014",0.292371707113482,0.956304755232111,1
967,"2013-2014",0.292371707113482,0.956304755232111,1
969,"2013-2014",0.325568156825248,0.945518574783918,1
973,"2013-2014",0.390731130803108,0.920504852470276,1
958,"2013-2014",0.139173103415407,0.990268068396495,1
961,"2013-2014",0.190808997817172,0.981627182973254,5
1060,"2013-2014",0.939692619858376,-0.342020145874042,1
1125,"Fall 2014",0.0871557398984888,-0.996194698341016,2
